{"cameraMode":{"drawMode":0,"name":"Shaded","section":"Shading Mode"},"sceneLighting":false,"audioPlay":false,"sceneViewState":{"m_AlwaysRefresh":false,"showFog":true,"showSkybox":false,"showFlares":true,"showImageEffects":true,"showParticleSystems":true,"showVisualEffectGraphs":true,"m_FxEnabled":true},"in2DMode":false,"pivot":{"x":214.60409545898438,"y":314.2997741699219,"z":-530.5778198242188},"rotation":{"x":-0.022804128006100656,"y":-0.022792775183916093,"z":0.0005072366329841316,"w":-0.9997256994247437},"size":81.39410400390625,"orthographic":false}